<?xml version="1.0" encoding="UTF-8"?>
<dataroot xmlns:od="urn:schemas-microsoft-com:officedata" generated="2018-11-19T14:31:17">
<tblReferral>
<PatientID>20001</PatientID>
<LastName>Santos</LastName>
<FirstName>Betty</FirstName>
<Guardian>Santos, Lee</Guardian>
<BirthDate>5/25/1920</BirthDate>
<Phone>4045552265</Phone>
<Street>643 Wellington Street</Street>
<City>Atlanta</City>
<State>GA</State>
<Zip>30303</Zip>
<Email>b.santos20@example.com</Email>
</tblReferral>
<tblReferral>
<PatientID>20002</PatientID>
<LastName>Fernandez</LastName>
<FirstName>Amy</FirstName>
<BirthDate>9/18/1943</BirthDate>
<Phone>4045551929</Phone>
<Street>935 Berteau Court</Street>
<City>Atlanta</City>
<State>GA</State>
<Zip>30303</Zip>
<Email>a.fernandez43@example.com</Email>
</tblReferral>
<tblReferral>
<PatientID>20003</PatientID>
<LastName>Brown</LastName>
<FirstName>William</FirstName>
<BirthDate>8/12/1966</BirthDate>
<Phone>4045555871</Phone>
<Street>104 North Greenleaf Court</Street>
<City>Atlanta</City>
<State>GA</State>
<Zip>30303</Zip>
<Email>w.brown66@example.com</Email>
</tblReferral>
<tblReferral>
<PatientID>20004</PatientID>
<LastName>Guerrette</LastName>
<FirstName>Dorian</FirstName>
<BirthDate>1/26/1998</BirthDate>
<Phone>4045553779</Phone>
<Street>791 Howland Avenue</Street>
<City>Atlanta</City>
<State>GA</State>
<Zip>30303</Zip>
<Email>d.guerrette98@example.com</Email>
</tblReferral>
<tblReferral>
<PatientID>20005</PatientID>
<LastName>Lee</LastName>
<FirstName>Judson</FirstName>
<BirthDate>12/22/1934</BirthDate>
<Phone>4045551268</Phone>
<Street>251 Mozart Boulevard</Street>
<City>Atlanta</City>
<State>GA</State>
<Zip>30303</Zip>
<Email>j.lee34@example.com</Email>
</tblReferral>
<tblReferral>
<PatientID>20006</PatientID>
<LastName>Strong</LastName>
<FirstName>Victor</FirstName>
<Guardian>Siebel, Minh</Guardian>
<BirthDate>6/5/2001</BirthDate>
<Phone>4045559968</Phone>
<Street>31 South Wingate Lane</Street>
<City>Atlanta</City>
<State>GA</State>
<Zip>30303</Zip>
<Email>v.strong01@example.com</Email>
</tblReferral>
<tblReferral>
<PatientID>20007</PatientID>
<LastName>Lynch</LastName>
<FirstName>Michelle</FirstName>
<BirthDate>1/9/1939</BirthDate>
<Phone>4045554657</Phone>
<Street>702 West Winneconna Avenue</Street>
<City>Atlanta</City>
<State>GA</State>
<Zip>30303</Zip>
<Email>m.lynch39@example.com</Email>
</tblReferral>
<tblReferral>
<PatientID>20008</PatientID>
<LastName>Ivers</LastName>
<FirstName>Steven</FirstName>
<Guardian>Ivers-Blakeley, Serina</Guardian>
<BirthDate>4/5/2016</BirthDate>
<Phone>4045551786</Phone>
<Street>114 Beacon Street</Street>
<City>Atlanta</City>
<State>GA</State>
<Zip>30303</Zip>
<Email>s.ivers16@example.com</Email>
</tblReferral>
<tblReferral>
<PatientID>20009</PatientID>
<LastName>Bellino</LastName>
<FirstName>Suzanne</FirstName>
<BirthDate>3/4/1995</BirthDate>
<Phone>4045558491</Phone>
<Street>95 North Dickinson Court</Street>
<City>Atlanta</City>
<State>GA</State>
<Zip>30303</Zip>
<Email>s.bellino95@example.com</Email>
</tblReferral>
<tblReferral>
<PatientID>20010</PatientID>
<LastName>Norris</LastName>
<FirstName>James</FirstName>
<Guardian>Norris, Jim</Guardian>
<BirthDate>7/17/1922</BirthDate>
<Phone>4045558926</Phone>
<Street>680 Kedzie Boulevard</Street>
<City>Atlanta</City>
<State>GA</State>
<Zip>30303</Zip>
<Email>j.norris22@example.com</Email>
</tblReferral>
<tblReferral>
<PatientID>20011</PatientID>
<LastName>Tatum</LastName>
<FirstName>Junior</FirstName>
<BirthDate>10/29/1958</BirthDate>
<Phone>4045552224</Phone>
<Street>14 Thomas Lane</Street>
<City>Atlanta</City>
<State>GA</State>
<Zip>30303</Zip>
<Email>j.tatum58@example.com</Email>
</tblReferral>
<tblReferral>
<PatientID>20012</PatientID>
<LastName>Wells</LastName>
<FirstName>Elbert</FirstName>
<Guardian>Wells, Jennifer</Guardian>
<BirthDate>9/15/2002</BirthDate>
<Phone>4045552843</Phone>
<Street>608 Kollman Avenue</Street>
<City>Atlanta</City>
<State>GA</State>
<Zip>30303</Zip>
<Email>e.wells02@example.com</Email>
</tblReferral>
<tblReferral>
<PatientID>20013</PatientID>
<LastName>Slone</LastName>
<FirstName>Brian</FirstName>
<Guardian>Tan, Cynthia</Guardian>
<BirthDate>3/21/1929</BirthDate>
<Phone>4045556921</Phone>
<Street>489 Brayton Lane</Street>
<City>Atlanta</City>
<State>GA</State>
<Zip>30303</Zip>
<Email>b.slone29@example.com</Email>
</tblReferral>
<tblReferral>
<PatientID>20014</PatientID>
<LastName>McGuinness</LastName>
<FirstName>Cindy</FirstName>
<Guardian>McGuinness, Albert</Guardian>
<BirthDate>6/4/1924</BirthDate>
<Phone>4045556852</Phone>
<Street>426 Watkins Way</Street>
<City>Atlanta</City>
<State>GA</State>
<Zip>30303</Zip>
<Email>c.mcguinness24@example.com</Email>
</tblReferral>
<tblReferral>
<PatientID>20015</PatientID>
<LastName>Bryant</LastName>
<FirstName>Lorenzo</FirstName>
<BirthDate>5/8/1957</BirthDate>
<Phone>4045555874</Phone>
<Street>49 Stockton Avenue</Street>
<City>Atlanta</City>
<State>GA</State>
<Zip>30303</Zip>
<Email>l.bryant57@example.com</Email>
</tblReferral>
</dataroot>
