"13313","Rutledge","Cynthia","Billups, Octavia","5/15/1926","7705553992","84 Washburne Court","Atlanta","GA","30338","c.rutledge26@example.com"
"13314","Day","Wayne","","6/18/1993","4045559301","402 Fullerton Street","Decatur","GA","30032","w.day93@example.com"
"13315","Haislip","Emily","","8/31/1983","4045554411","735 Canalport Street","Atlanta","GA","30331","e.haislip83@example.com"
"13316","Roberts","Fernando","","4/1/2002","7705552495","340 Wingate Street","Atlanta","GA","30346","f.roberts02@example.com"
"13317","Brandt","Kevin","Brandt, Suki","3/23/2015","7705551588","754 Nickerson Lane","Atlanta","GA","30338","k.brandt15@example.com"
"13318","O'Connor","Fred","","9/8/1972","7705556308","523 Delong Street","Rex","GA","30273","f.oconnor72@example.com"
"13319","Dombroski","David","","2/29/1960","7705559855","870 Napoleon Street","Marietta","GA","30064","d.dombroski60@example.com"
"13320","Fontenot","Latasha","","12/3/1949","4045558273","726 Greenleaf Boulevard","Atlanta","GA","30315","l.fontenot49@example.com"