<?xml version="1.0" encoding="UTF-8"?>
<root xmlns:xsd="http://www.w3.org/2001/XMLSchema" xmlns:od="urn:schemas-microsoft-com:officedata">
<xsd:schema>
<xsd:element name="dataroot">
<xsd:complexType>
<xsd:sequence>
<xsd:element ref="tblMaintenance" minOccurs="0" maxOccurs="unbounded"/>
</xsd:sequence>
<xsd:attribute name="generated" type="xsd:dateTime"/>
</xsd:complexType>
</xsd:element>
<xsd:element name="tblMaintenance">
<xsd:annotation>
<xsd:appinfo>
<od:index index-name="DrainID" index-key="DrainID " primary="no" unique="no" clustered="no" order="asc"/>
<od:index index-name="JobID" index-key="JobID " primary="no" unique="no" clustered="no" order="asc"/>
<od:index index-name="PrimaryKey" index-key="JobID " primary="yes" unique="yes" clustered="no" order="asc"/>
<od:tableProperty name="GUID" type="9" value="gKDm4D1+6UCoHKDmGmEasg==
"/>
<od:tableProperty name="Orientation" type="2" value="0"/>
<od:tableProperty name="OrderByOn" type="1" value="0"/>
<od:tableProperty name="NameMap" type="11" value="CswOVQAAAACAoObgPX7pQKgcoOYaYRqyAAAAAMCsAUjXNOVAAAAAAAAAAAB0AGIA
bABNAGEAaQBuAHQAZQBuAGEAbgBjAGUAAAAAAAAASw6YPgfZ60KH7zoF1ft5awcA
AACAoObgPX7pQKgcoOYaYRqySgBvAGIASQBEAAAAAAAAALv68vf0qQJDtTyFqn5c
vqIHAAAAgKDm4D1+6UCoHKDmGmEaskQAcgBhAGkAbgBJAEQAAAAAAAAArqgfYz7y
okCNiCAHfqqsIAcAAACAoObgPX7pQKgcoOYaYRqyQwBvAG0AcABsAGUAdABlAEQA
YQB0AGUAAAAAAAAAAAAAAAAAAAAAAAAAAAAAAAwAAAAFAAAAAAAAAAAAAAAAAAAA
AAA=
"/>
<od:tableProperty name="DefaultView" type="2" value="2"/>
<od:tableProperty name="DisplayViewsOnSharePointSite" type="2" value="1"/>
<od:tableProperty name="TotalsRow" type="1" value="0"/>
<od:tableProperty name="FilterOnLoad" type="1" value="0"/>
<od:tableProperty name="OrderByOnLoad" type="1" value="1"/>
<od:tableProperty name="HideNewField" type="1" value="0"/>
<od:tableProperty name="BackTint" type="6" value="100"/>
<od:tableProperty name="BackShade" type="6" value="100"/>
<od:tableProperty name="ThemeFontIndex" type="4" value="1"/>
<od:tableProperty name="AlternateBackThemeColorIndex" type="4" value="1"/>
<od:tableProperty name="AlternateBackTint" type="6" value="100"/>
<od:tableProperty name="AlternateBackShade" type="6" value="95"/>
<od:tableProperty name="ReadOnlyWhenDisconnected" type="1" value="0"/>
<od:tableProperty name="DatasheetGridlinesThemeColorIndex" type="4" value="3"/>
<od:tableProperty name="DatasheetForeThemeColorIndex" type="4" value="0"/>
<od:tableProperty name="PublishToWeb" type="2" value="1"/>
</xsd:appinfo>
</xsd:annotation>
<xsd:complexType>
<xsd:sequence>
<xsd:element name="JobID" minOccurs="1" od:jetType="text" od:sqlSType="nvarchar" od:nonNullable="yes">
<xsd:annotation>
<xsd:appinfo>
<od:fieldProperty name="GUID" type="9" value="Sw6YPgfZ60KH7zoF1ft5aw==
"/>
<od:fieldProperty name="ColumnWidth" type="3" value="-1"/>
<od:fieldProperty name="ColumnOrder" type="3" value="0"/>
<od:fieldProperty name="ColumnHidden" type="1" value="0"/>
<od:fieldProperty name="Description" type="10" value="Primary key"/>
<od:fieldProperty name="Required" type="1" value="1"/>
<od:fieldProperty name="AllowZeroLength" type="1" value="1"/>
<od:fieldProperty name="DisplayControl" type="3" value="109"/>
<od:fieldProperty name="IMEMode" type="2" value="0"/>
<od:fieldProperty name="IMESentenceMode" type="2" value="3"/>
<od:fieldProperty name="UnicodeCompression" type="1" value="1"/>
<od:fieldProperty name="TextAlign" type="2" value="0"/>
<od:fieldProperty name="AggregateType" type="4" value="-1"/>
<od:fieldProperty name="ResultType" type="2" value="0"/>
<od:fieldProperty name="CurrencyLCID" type="4" value="0"/>
</xsd:appinfo>
</xsd:annotation>
<xsd:simpleType>
<xsd:restriction base="xsd:string">
<xsd:maxLength value="255"/>
</xsd:restriction>
</xsd:simpleType>
</xsd:element>
<xsd:element name="DrainID" minOccurs="0" od:jetType="text" od:sqlSType="nvarchar">
<xsd:annotation>
<xsd:appinfo>
<od:fieldProperty name="GUID" type="9" value="u/ry9/SpAkO1PIWqfly+og==
"/>
<od:fieldProperty name="ColumnWidth" type="3" value="-1"/>
<od:fieldProperty name="ColumnOrder" type="3" value="0"/>
<od:fieldProperty name="ColumnHidden" type="1" value="0"/>
<od:fieldProperty name="Required" type="1" value="0"/>
<od:fieldProperty name="AllowZeroLength" type="1" value="1"/>
<od:fieldProperty name="DisplayControl" type="3" value="109"/>
<od:fieldProperty name="IMEMode" type="2" value="0"/>
<od:fieldProperty name="IMESentenceMode" type="2" value="3"/>
<od:fieldProperty name="UnicodeCompression" type="1" value="1"/>
<od:fieldProperty name="TextAlign" type="2" value="0"/>
<od:fieldProperty name="AggregateType" type="4" value="-1"/>
<od:fieldProperty name="ResultType" type="2" value="0"/>
<od:fieldProperty name="CurrencyLCID" type="4" value="0"/>
</xsd:appinfo>
</xsd:annotation>
<xsd:simpleType>
<xsd:restriction base="xsd:string">
<xsd:maxLength value="255"/>
</xsd:restriction>
</xsd:simpleType>
</xsd:element>
<xsd:element name="CompleteDate" minOccurs="0" od:jetType="datetime" od:sqlSType="datetime" type="xsd:dateTime">
<xsd:annotation>
<xsd:appinfo>
<od:fieldProperty name="GUID" type="9" value="rqgfYz7yokCNiCAHfqqsIA==
"/>
<od:fieldProperty name="ColumnWidth" type="3" value="-1"/>
<od:fieldProperty name="ColumnOrder" type="3" value="0"/>
<od:fieldProperty name="ColumnHidden" type="1" value="0"/>
<od:fieldProperty name="Required" type="1" value="0"/>
<od:fieldProperty name="IMEMode" type="2" value="0"/>
<od:fieldProperty name="IMESentenceMode" type="2" value="3"/>
<od:fieldProperty name="TextAlign" type="2" value="0"/>
<od:fieldProperty name="AggregateType" type="4" value="-1"/>
<od:fieldProperty name="ShowDatePicker" type="3" value="1"/>
<od:fieldProperty name="ResultType" type="2" value="0"/>
<od:fieldProperty name="CurrencyLCID" type="4" value="0"/>
</xsd:appinfo>
</xsd:annotation>
</xsd:element>
</xsd:sequence>
</xsd:complexType>
</xsd:element>
</xsd:schema>
<dataroot xmlns:xsi="http://www.w3.org/2001/XMLSchema-instance" generated="2018-11-26T17:30:22">
<tblMaintenance>
<JobID>1001</JobID>
<DrainID>CAN7NE</DrainID>
<CompleteDate>2021-10-03T00:00:00</CompleteDate>
</tblMaintenance>
<tblMaintenance>
<JobID>1002</JobID>
<DrainID>DOW44SW</DrainID>
<CompleteDate>2021-10-03T00:00:00</CompleteDate>
</tblMaintenance>
<tblMaintenance>
<JobID>1003</JobID>
<DrainID>BES11NE</DrainID>
<CompleteDate>2021-10-04T00:00:00</CompleteDate>
</tblMaintenance>
<tblMaintenance>
<JobID>1004</JobID>
<DrainID>VIN43SE</DrainID>
<CompleteDate>2021-10-04T00:00:00</CompleteDate>
</tblMaintenance>
<tblMaintenance>
<JobID>1005</JobID>
<DrainID>SEM30NE</DrainID>
<CompleteDate>2021-10-04T00:00:00</CompleteDate>
</tblMaintenance>
<tblMaintenance>
<JobID>1006</JobID>
<DrainID>SEM48NE</DrainID>
<CompleteDate>2021-10-04T00:00:00</CompleteDate>
</tblMaintenance>
<tblMaintenance>
<JobID>1007</JobID>
<DrainID>KEW37SW</DrainID>
<CompleteDate>2021-10-05T00:00:00</CompleteDate>
</tblMaintenance>
<tblMaintenance>
<JobID>1008</JobID>
<DrainID>LOV25NW</DrainID>
<CompleteDate>2021-10-06T00:00:00</CompleteDate>
</tblMaintenance>
</dataroot>
</root>
