﻿VolunteerID,FirstName,LastName,Street,City,State,Zip,Phone,Email,SignupDate,Trained
LAW2967,Eugene,Lawyer,299 Prospect Street,Bellingham,WA,98226,(360) 555-1322,e.lawyer3@example.com,5/14/21,Yes
SCH2273,Sanford,Schmidt,343 Edgewater Avenue,Bellingham,WA,98225,(360) 555-1037,s.schmidt85@example.com,5/12/21,No
BRO0396,Sergio,Brown,289 Ellis Avenue,Bellingham,WA,98225,(360) 555-2382,s.brown43@example.com,9/23/21,Yes
MEL1022,Dannie,Melendez,551 South Minnehaha Court,Bellingham,WA,98225,(360) 555-2524,d.melendez23@example.com,9/13/21,Yes
WIL2049,James,Wilkins,946 School Avenue,Bellingham,WA,98229,(360) 555-1474,j.wilkins72@example.com,12/11/21,Yes
FER2894,Gilbert,Ferrell,507 West Wieland Way,Bellingham,WA,98225,(360) 555-3669,g.ferrell69@example.com,4/5/21,No
BOO7703,Lori,Booth,850 Wilcox Avenue,Bellingham,WA,98229,(360) 555-5137,l.booth75@example.com,5/16/21,No
LAN2225,Holly,Lane,791 Navarre Way,Bellingham,WA,98226,(360) 555-3051,h.lane65@example.com,10/18/21,Yes
CRI8334,Joseph,Criswell,829 State Boulevard,Bellingham,WA,98225,(360) 555-5321,j.criswell63@example.com,4/11/21,No
SIM1238,Cynthia,Simmons,858 Mcauley Boulevard,Bellingham,WA,98226,(360) 555-4058,c.simmons60@example.com,9/9/21,No