<?xml version="1.0" encoding="UTF-8"?>
<root xmlns:xsd="http://www.w3.org/2001/XMLSchema" xmlns:od="urn:schemas-microsoft-com:officedata">
<xsd:schema>
<xsd:element name="dataroot">
<xsd:complexType>
<xsd:sequence>
<xsd:element ref="tblPayments" minOccurs="0" maxOccurs="unbounded"/>
</xsd:sequence>
<xsd:attribute name="generated" type="xsd:dateTime"/>
</xsd:complexType>
</xsd:element>
<xsd:element name="tblPayments">
<xsd:annotation>
<xsd:appinfo>
<od:index index-name="CompanyID" index-key="CompanyID " primary="no" unique="no" clustered="no" order="asc"/>
<od:index index-name="PrimaryKey" index-key="PaymentID " primary="yes" unique="yes" clustered="no" order="asc"/>
<od:tableProperty name="Orientation" type="2" value="0"/>
<od:tableProperty name="OrderByOn" type="1" value="0"/>
<od:tableProperty name="NameMap" type="11" value="CswOVQAAAACqSgx95R+HSIMwXFB7FUzOAAAAABgNo2xVtORAAAAAAAAAAAB0AGIA
bABQAGEAeQBtAGUAbgB0AHMAAAAAAAAAsIx2voshS0S8EfvP9t8r2gcAAACqSgx9
5R+HSIMwXFB7FUzOUABhAHkAbQBlAG4AdABJAEQAAAAAAAAATKGPYDxyEE6rz0Et
zmHfrgcAAACqSgx95R+HSIMwXFB7FUzOQwBvAG0AcABhAG4AeQBJAEQAAAAAAAAA
r2OLvtYrrkmuxHSy+5kIBQcAAACqSgx95R+HSIMwXFB7FUzOUABhAHkAbQBlAG4A
dABEAGEAdABlAAAAAAAAAAMMDqbLWM9Dmsb3cz7C1EgHAAAAqkoMfeUfh0iDMFxQ
exVMzlAAYQB5AG0AZQBuAHQAQQBtAHQAAAAAAAAAAAAAAAAAAAAAAAAAAAAAAAwA
AAAFAAAAAAAAAAAAAAAAAAAAAAA=
"/>
<od:tableProperty name="DefaultView" type="2" value="2"/>
<od:tableProperty name="GUID" type="9" value="qkoMfeUfh0iDMFxQexVMzg==
"/>
<od:tableProperty name="DisplayViewsOnSharePointSite" type="2" value="1"/>
<od:tableProperty name="TotalsRow" type="1" value="0"/>
<od:tableProperty name="FilterOnLoad" type="1" value="0"/>
<od:tableProperty name="OrderByOnLoad" type="1" value="1"/>
<od:tableProperty name="HideNewField" type="1" value="0"/>
<od:tableProperty name="BackTint" type="6" value="100"/>
<od:tableProperty name="BackShade" type="6" value="100"/>
<od:tableProperty name="ThemeFontIndex" type="4" value="1"/>
<od:tableProperty name="AlternateBackThemeColorIndex" type="4" value="1"/>
<od:tableProperty name="AlternateBackTint" type="6" value="100"/>
<od:tableProperty name="AlternateBackShade" type="6" value="95"/>
<od:tableProperty name="ReadOnlyWhenDisconnected" type="1" value="0"/>
<od:tableProperty name="DatasheetGridlinesThemeColorIndex" type="4" value="3"/>
<od:tableProperty name="DatasheetForeThemeColorIndex" type="4" value="0"/>
<od:tableProperty name="PublishToWeb" type="2" value="1"/>
</xsd:appinfo>
</xsd:annotation>
<xsd:complexType>
<xsd:sequence>
<xsd:element name="PaymentID" minOccurs="1" od:jetType="integer" od:sqlSType="smallint" od:nonNullable="yes" type="xsd:short">
<xsd:annotation>
<xsd:appinfo>
<od:fieldProperty name="GUID" type="9" value="sIx2voshS0S8EfvP9t8r2g==
"/>
<od:fieldProperty name="ColumnWidth" type="3" value="-1"/>
<od:fieldProperty name="ColumnOrder" type="3" value="1"/>
<od:fieldProperty name="ColumnHidden" type="1" value="0"/>
<od:fieldProperty name="DecimalPlaces" type="2" value="0"/>
<od:fieldProperty name="Caption" type="12" value="Payment ID"/>
<od:fieldProperty name="Required" type="1" value="1"/>
<od:fieldProperty name="DisplayControl" type="3" value="109"/>
<od:fieldProperty name="TextAlign" type="2" value="0"/>
<od:fieldProperty name="AggregateType" type="4" value="-1"/>
<od:fieldProperty name="ResultType" type="2" value="0"/>
<od:fieldProperty name="CurrencyLCID" type="4" value="0"/>
</xsd:appinfo>
</xsd:annotation>
</xsd:element>
<xsd:element name="CompanyID" minOccurs="0" od:jetType="text" od:sqlSType="nvarchar">
<xsd:annotation>
<xsd:appinfo>
<od:fieldProperty name="GUID" type="9" value="TKGPYDxyEE6rz0EtzmHfrg==
"/>
<od:fieldProperty name="ColumnWidth" type="3" value="-1"/>
<od:fieldProperty name="ColumnOrder" type="3" value="0"/>
<od:fieldProperty name="ColumnHidden" type="1" value="0"/>
<od:fieldProperty name="Caption" type="12" value="Company ID"/>
<od:fieldProperty name="Required" type="1" value="0"/>
<od:fieldProperty name="AllowZeroLength" type="1" value="1"/>
<od:fieldProperty name="DisplayControl" type="3" value="109"/>
<od:fieldProperty name="IMEMode" type="2" value="0"/>
<od:fieldProperty name="IMESentenceMode" type="2" value="3"/>
<od:fieldProperty name="UnicodeCompression" type="1" value="1"/>
<od:fieldProperty name="TextAlign" type="2" value="0"/>
<od:fieldProperty name="AggregateType" type="4" value="-1"/>
<od:fieldProperty name="ResultType" type="2" value="0"/>
<od:fieldProperty name="CurrencyLCID" type="4" value="0"/>
</xsd:appinfo>
</xsd:annotation>
<xsd:simpleType>
<xsd:restriction base="xsd:string">
<xsd:maxLength value="6"/>
</xsd:restriction>
</xsd:simpleType>
</xsd:element>
<xsd:element name="PaymentDate" minOccurs="0" od:jetType="datetime" od:sqlSType="datetime" type="xsd:dateTime">
<xsd:annotation>
<xsd:appinfo>
<od:fieldProperty name="GUID" type="9" value="r2OLvtYrrkmuxHSy+5kIBQ==
"/>
<od:fieldProperty name="ColumnWidth" type="3" value="1725"/>
<od:fieldProperty name="ColumnOrder" type="3" value="0"/>
<od:fieldProperty name="ColumnHidden" type="1" value="0"/>
<od:fieldProperty name="Format" type="10" value="Short Date"/>
<od:fieldProperty name="Caption" type="12" value="Payment Date"/>
<od:fieldProperty name="Required" type="1" value="0"/>
<od:fieldProperty name="IMEMode" type="2" value="0"/>
<od:fieldProperty name="IMESentenceMode" type="2" value="3"/>
<od:fieldProperty name="TextAlign" type="2" value="0"/>
<od:fieldProperty name="AggregateType" type="4" value="-1"/>
<od:fieldProperty name="ShowDatePicker" type="3" value="1"/>
<od:fieldProperty name="ResultType" type="2" value="0"/>
<od:fieldProperty name="CurrencyLCID" type="4" value="0"/>
</xsd:appinfo>
</xsd:annotation>
</xsd:element>
<xsd:element name="PaymentAmt" minOccurs="0" od:jetType="currency" od:sqlSType="money" type="xsd:double">
<xsd:annotation>
<xsd:appinfo>
<od:fieldProperty name="GUID" type="9" value="AwwOpstYz0OaxvdzPsLUSA==
"/>
<od:fieldProperty name="ColumnWidth" type="3" value="2040"/>
<od:fieldProperty name="ColumnOrder" type="3" value="0"/>
<od:fieldProperty name="ColumnHidden" type="1" value="0"/>
<od:fieldProperty name="Format" type="10" value="Fixed"/>
<od:fieldProperty name="DecimalPlaces" type="2" value="2"/>
<od:fieldProperty name="Required" type="1" value="0"/>
<od:fieldProperty name="TextAlign" type="2" value="0"/>
<od:fieldProperty name="AggregateType" type="4" value="-1"/>
<od:fieldProperty name="ResultType" type="2" value="0"/>
<od:fieldProperty name="CurrencyLCID" type="4" value="1033"/>
<od:fieldProperty name="Caption" type="12" value="Payment Amount"/>
</xsd:appinfo>
</xsd:annotation>
</xsd:element>
</xsd:sequence>
</xsd:complexType>
</xsd:element>
</xsd:schema>
<dataroot xmlns:xsi="http://www.w3.org/2001/XMLSchema-instance" generated="2019-11-02T16:18:14">
<tblPayments>
<PaymentID>1</PaymentID>
<CompanyID>ABC123</CompanyID>
<PaymentDate>2020-05-22T00:00:00</PaymentDate>
<PaymentAmt>1243.19</PaymentAmt>
</tblPayments>
<tblPayments>
<PaymentID>2</PaymentID>
<CompanyID>ACQ612</CompanyID>
<PaymentDate>2020-02-01T00:00:00</PaymentDate>
<PaymentAmt>216</PaymentAmt>
</tblPayments>
<tblPayments>
<PaymentID>3</PaymentID>
<CompanyID>BAR772</CompanyID>
<PaymentDate>2020-03-22T00:00:00</PaymentDate>
<PaymentAmt>5018.12</PaymentAmt>
</tblPayments>
<tblPayments>
<PaymentID>4</PaymentID>
<CompanyID>BAZ412</CompanyID>
<PaymentDate>2020-05-19T00:00:00</PaymentDate>
<PaymentAmt>1348.16</PaymentAmt>
</tblPayments>
<tblPayments>
<PaymentID>5</PaymentID>
<CompanyID>BLE784</CompanyID>
<PaymentDate>2020-05-15T00:00:00</PaymentDate>
<PaymentAmt>285</PaymentAmt>
</tblPayments>
<tblPayments>
<PaymentID>6</PaymentID>
<CompanyID>CAB922</CompanyID>
<PaymentDate>2020-04-03T00:00:00</PaymentDate>
<PaymentAmt>312.5</PaymentAmt>
</tblPayments>
<tblPayments>
<PaymentID>7</PaymentID>
<CompanyID>CAS123</CompanyID>
<PaymentDate>2020-04-26T00:00:00</PaymentDate>
<PaymentAmt>109.42</PaymentAmt>
</tblPayments>
<tblPayments>
<PaymentID>8</PaymentID>
<CompanyID>CES045</CompanyID>
<PaymentDate>2020-02-15T00:00:00</PaymentDate>
<PaymentAmt>219.36</PaymentAmt>
</tblPayments>
<tblPayments>
<PaymentID>9</PaymentID>
<CompanyID>CRO063</CompanyID>
<PaymentDate>2020-04-12T00:00:00</PaymentDate>
<PaymentAmt>314.75</PaymentAmt>
</tblPayments>
<tblPayments>
<PaymentID>10</PaymentID>
<CompanyID>DUR725</CompanyID>
<PaymentDate>2020-05-31T00:00:00</PaymentDate>
<PaymentAmt>412.68</PaymentAmt>
</tblPayments>
<tblPayments>
<PaymentID>11</PaymentID>
<CompanyID>GER002</CompanyID>
<PaymentDate>2020-05-17T00:00:00</PaymentDate>
<PaymentAmt>159.93</PaymentAmt>
</tblPayments>
<tblPayments>
<PaymentID>12</PaymentID>
<CompanyID>GON470</CompanyID>
<PaymentDate>2020-02-21T00:00:00</PaymentDate>
<PaymentAmt>97.42</PaymentAmt>
</tblPayments>
<tblPayments>
<PaymentID>13</PaymentID>
<CompanyID>GRE532</CompanyID>
<PaymentDate>2020-02-22T00:00:00</PaymentDate>
<PaymentAmt>113.78</PaymentAmt>
</tblPayments>
<tblPayments>
<PaymentID>14</PaymentID>
<CompanyID>HAR912</CompanyID>
<PaymentDate>2020-04-07T00:00:00</PaymentDate>
<PaymentAmt>194.59</PaymentAmt>
</tblPayments>
<tblPayments>
<PaymentID>15</PaymentID>
<CompanyID>KIL500</CompanyID>
<PaymentDate>2020-03-16T00:00:00</PaymentDate>
<PaymentAmt>38.85</PaymentAmt>
</tblPayments>
<tblPayments>
<PaymentID>16</PaymentID>
<CompanyID>MYE085</CompanyID>
<PaymentDate>2020-03-01T00:00:00</PaymentDate>
<PaymentAmt>95.92</PaymentAmt>
</tblPayments>
<tblPayments>
<PaymentID>17</PaymentID>
<CompanyID>TAN123</CompanyID>
<PaymentDate>2020-05-18T00:00:00</PaymentDate>
<PaymentAmt>68.5</PaymentAmt>
</tblPayments>
<tblPayments>
<PaymentID>18</PaymentID>
<CompanyID>TEN247</CompanyID>
<PaymentDate>2020-04-18T00:00:00</PaymentDate>
<PaymentAmt>142.63</PaymentAmt>
</tblPayments>
<tblPayments>
<PaymentID>19</PaymentID>
<CompanyID>TUR005</CompanyID>
<PaymentDate>2020-03-06T00:00:00</PaymentDate>
<PaymentAmt>47.65</PaymentAmt>
</tblPayments>
</dataroot>
</root>
